
CREATE DATABASE Emp_data;

CREATE TABLE DEPT_Table
(
	DEPTNO INT(3) NOT NULL,
	DNAME VARCHAR(10),
	LOC VARCHAR(10),
	PRIMARY KEY (DEPTNO)
);

INSERT INTO DEPT_Table
(DEPTNO,DNAME,LOC)
VALUES
(10,'ACCOUNTING','NEWYORK'),
(20,'RESEARCH','DALLAS'),
(30,'SALES','CHICAGO'),
(40,'OPERATION','BOSTON');

CREATE TABLE EMP_Table
(
    EMPNO INT(5) NOT NULL,
    ENAME VARCHAR(10),
    JOB VARCHAR(15),
    MGR INT(5) NULL,
    HIREDATE DATE,
    SAL INT(10),
    COMM INT(5) NULL,
    DEPTNO INT(3),
    PRIMARY KEY (EMPNO),
    FOREIGN KEY (DEPTNO) REFERENCES DEPT_Table(DEPTNO)
);

INSERT INTO EMP_Table
(EMPNO, ENAME, JOB, MGR, HIREDATE, SAL, COMM, DEPTNO)
VALUES
(7369, 'SMITH', 'CLERK', 7902, '1981-06-13', 800, NULL, 20),
(7499, 'ALLEN', 'SALESMAN', 7698, '1983-08-15', 1600, 300, 30),
(7521, 'WARD', 'SALESMAN', 7698, '1984-03-26', 1250, 500, 30),
(7566, 'JONES', 'MANAGER', 7839, '1983-10-31', 2975, NULL, 20),
(7654, 'MARTIN', 'SALESMAN', 7698, '1983-12-05', 1250, 1400, 30),
(7698, 'BLAKE', 'MANAGER', 7839, '1984-06-11', 2850, NULL, 30),
(7782, 'CLARK', 'MANAGER', 7839, '1984-05-14', 2450, NULL, 10),
(7788, 'SCOTT', 'ANALYST', 7566, '1984-03-05', 3000, NULL, 20),
(7839, 'KING', 'PRESIDENT', NULL, '1984-07-09', 5000, NULL, 10),
(7844, 'TURNER', 'SALESMAN', 7698, '1984-06-04', 1500, 0, 30),
(7876, 'ADAMS', 'CLERK', 7788, '1984-06-04', 1100, NULL, 20),
(7900, 'JAMES', 'CLERK', 7698, '1984-07-23', 950, NULL, 30),
(7902, 'FORD', 'ANALYST', 7566, '1983-12-05', 3000, NULL, 20),
(7934, 'MILLER', 'CLERK', 7782, '1983-11-21', 1300, NULL, 10);


CREATE TABLE SALGRADE_Table
(
	GRADE INT(3) NOT NULL,
	LOSAL INT(6),
	HISAL INT(6),
	PRIMARY KEY (GRADE)
);

INSERT INTO SALGRADE_Table
(GRADE,LOSAL,HISAL)
VALUES
(1,700,1200),
(2,1201,1400),
(3,1401,2000),
(4,2001,3000),
(5,3001,9999);

-- Tutorial - 09 (CRUD - Create Read Update Delete)

SELECT * FROM EMP_Table; -- Selecting from a table

SELECT * FROM DEPT_Table ORDER BY DNAME; -- Sorting asending Order

SELECT * FROM SALGRADE_Table ORDER BY GRADE DESC; -- Sorting desending Order

SELECT DEPTNO,ENAME FROM EMP_Table ORDER BY DEPTNO,ENAME; -- Order by COLUMNS

SELECT ENAME,DEPTNO,SAL FROM EMP_Table 
WHERE SAL BETWEEN 1000 AND 2000;

SELECT DISTINCT JOB FROM EMP_Table; -- Every single job title

SELECT ENAME,JOB,SAL,COMM,DEPTNO FROM EMP_Table -- Q6
WHERE DEPTNO = 10 OR DEPTNO = 30
ORDER BY ENAME;

SELECT DEPTNO,ENAME,JOB FROM EMP_Table -- Q8
WHERE NOT DEPTNO = 30
ORDER BY DEPTNO;

SELECT ENAME,DEPTNO,HIREDATE FROM EMP_Table -- Q9
WHERE HIREDATE LIKE '1983%';

SELECT ENAME,DEPTNO,HIREDATE FROM EMP_Table -- Q10
WHERE HIREDATE < '1984-01-01';

SELECT ENAME,DEPTNO,HIREDATE FROM EMP_Table -- Q11
WHERE HIREDATE > '1983-12-31';

SELECT ENAME,JOB FROM EMP_Table -- Q12
WHERE JOB ='CLERK' AND DEPTNO = 20;